set,name,cmc,mana_cost,power,toughness,keywords,oracle_text,rarity,color_identity,type_line,produced_mana,Removal,Method,Toughness Requirement,Power Requirement,Other Specifications
Wilds of Eldraine,Agatha of the Vile Cauldron,2.0,{R}{G},1,1,,"Activated abilities of creatures you control cost {X} less to activate, where X is Agatha of the Vile Cauldron's power. This effect can't reduce the mana in that cost to less than one mana.
{4}{R}{G}: Other creatures you control get +1/+1 and gain trample and haste until end of turn.",mythic,"G, R",Legendary Creature — Human Warlock,,,,,,
Wilds of Eldraine,Agatha's Champion,5.0,{4}{G},4,4,"Trample, Fight, Bargain","Bargain (You may sacrifice an artifact, enchantment, or token as you cast this spell.)
Trample
When Agatha's Champion enters the battlefield, if it was bargained, it fights up to one target creature you don't control. (Each deals damage equal to its power to the other.)",uncommon,G,Creature — Human Knight,,,,,,
Wilds of Eldraine,Agatha's Soul Cauldron,2.0,{2},,,,"You may spend mana as though it were mana of any color to activate abilities of creatures you control.
Creatures you control with +1/+1 counters on them have all activated abilities of all creature cards exiled with Agatha's Soul Cauldron.
{T}: Exile target card from a graveyard. When a creature card is exiled this way, put a +1/+1 counter on target creature you control.",mythic,,Legendary Artifact,,,,,,
Wilds of Eldraine,Aquatic Alchemist,2.0,{1}{U},1,3,,"Whenever you cast your first instant or sorcery spell each turn, Aquatic Alchemist gets +2/+0 until end of turn.",common,U,Creature — Elemental,,,,,,
Wilds of Eldraine,Bubble Up,3.0,{2}{U},,,,Put target instant or sorcery card from your graveyard on top of your library.,common,U,Sorcery — Adventure,,,,,,
Wilds of Eldraine,Archive Dragon,6.0,{4}{U}{U},4,6,"Scry, Flying, Ward","Flying
Ward {2} (Whenever this creature becomes the target of a spell or ability an opponent controls, counter it unless that player pays {2}.)
When Archive Dragon enters the battlefield, scry 2.",uncommon,U,Creature — Dragon Wizard,,,,,,
Wilds of Eldraine,Archon of the Wild Rose,4.0,{2}{W}{W},4,4,Flying,"Flying
Other creatures you control that are enchanted by Auras you control have base power and toughness 4/4 and have flying.",rare,W,Creature — Archon,,,,,,
Wilds of Eldraine,Archon's Glory,1.0,{W},,,Bargain,"Bargain (You may sacrifice an artifact, enchantment, or token as you cast this spell.)
Target creature gets +2/+2 until end of turn. If this spell was bargained, that creature also gains flying and lifelink until end of turn.",common,W,Instant,,,,,,
Wilds of Eldraine,Armory Mice,2.0,{1}{W},3,1,Celebration,Celebration — Armory Mice gets +0/+2 as long as two or more nonland permanents entered the battlefield under your control this turn.,common,W,Creature — Mouse,,,,,,
Wilds of Eldraine,Ashiok's Reaper,4.0,{3}{B},3,3,,"Whenever an enchantment you control is put into a graveyard from the battlefield, draw a card.",uncommon,B,Creature — Nightmare,,,,,,
Wilds of Eldraine,"Ashiok, Wicked Manipulator",5.0,{3}{B}{B},,,,"If you would pay life while your library has at least that many cards in it, exile that many cards from the top of your library instead.
+1: Look at the top two cards of your library. Exile one of them and put the other into your hand.
−2: Create two 1/1 black Nightmare creature tokens with ""At the beginning of combat on your turn, if a card was put into exile this turn, put a +1/+1 counter on this creature.""
−7: Target player exiles the top X cards of their library, where X is the total mana value of cards you own in exile.",mythic,B,Legendary Planeswalker — Ashiok,,,,,,
Wilds of Eldraine,"Ash, Party Crasher",2.0,{R}{W},2,2,"Celebration, Haste","Haste
Celebration — Whenever Ash, Party Crasher attacks, if two or more nonland permanents entered the battlefield under your control this turn, put a +1/+1 counter on Ash.",uncommon,"R, W",Legendary Creature — Human Peasant,,,,,,
Wilds of Eldraine,Asinine Antics,4.0,{2}{U}{U},,,Role token,"You may cast Asinine Antics as though it had flash if you pay {2} more to cast it.
For each creature your opponents control, create a Cursed Role token attached to that creature. (If you control another Role on it, put that one into the graveyard. Enchanted creature is 1/1.)",mythic,U,Sorcery,,,,,,
Wilds of Eldraine,A Tale for the Ages,2.0,{1}{W},,,,Enchanted creatures you control get +2/+2.,rare,W,Enchantment,,,,,,
Wilds of Eldraine,Back for Seconds,3.0,{2}{B},,,Bargain,"Bargain (You may sacrifice an artifact, enchantment, or token as you cast this spell.)
Return up to two target creature cards from your graveyard to your hand. If this spell was bargained, you may put one of those cards with mana value 4 or less onto the battlefield instead of putting it into your hand.",uncommon,B,Sorcery,,,,,,
Wilds of Eldraine,Barrow Naughty,2.0,{1}{B},1,3,Flying,"Flying
Barrow Naughty has lifelink as long as you control another Faerie.
{2}{B}: Barrow Naughty gets +1/+0 until end of turn.",common,B,Creature — Faerie,,,,,,
Wilds of Eldraine,Beanstalk Wurm,5.0,{4}{G,5,4,Reach,,common,G,Creature — Plant Wurm,,,,,,
Wilds of Eldraine,Plant Beans,2.0,{1}{G},,,,You may play an additional land this turn,common,G,Sorcery — Adventure,,,,,,
Wilds of Eldraine,Become Brutes,2.0,{1}{R},,,Role token,"One or two target creatures each gain haste until end of turn. For each of those creatures, create a Monster Role token attached to it. (If you control another Role on it, put that one into the graveyard. Enchanted creature gets +1/+1 and has trample.)",uncommon,R,Sorcery,,,,,,
Wilds of Eldraine,Belligerent of the Ball,3.0,{2}{R},3,3,Celebration,"Celebration — At the beginning of combat on your turn, if two or more nonland permanents entered the battlefield under your control this turn, target creature you control gets +1/+0 and gains menace until end of turn. (It can't be blocked except by two or more creatures.)",uncommon,R,Creature — Ogre Warrior,,,,,,
Wilds of Eldraine,Bellowing Bruiser,5.0,{4}{R},4,4,Haste,,common,R,Creature — Ogre,,,,,,
Wilds of Eldraine,Beat a Path,3.0,{2}{R},,,Up to two target creatures can’t block this turn.,,common,R,Sorcery — Adventure,,,,,,
Wilds of Eldraine,Beluna Grandsquall,3.0,{G}{U}{R},4,4,"Trample, Mill",,mythic,"G, R, U",Legendary Creature — Giant Noble,,,,,,
Wilds of Eldraine,Seek Thrills,5.0,{2}{G}{U}{R},,,,Mill seven cards. Then put all cards that have an Adventure from among the milled cards into your hand.,mythic,"G, R, U",Instant — Adventure,,,,,,
Wilds of Eldraine,Beluna's Gatekeeper,6.0,{1}{U},6,5,,,common,U,Creature — Giant Soldier,,,,,,
Wilds of Eldraine,Entry Denied,2.0,{1}{U},,,,Return target creature you don’t control with mana value 3 or less to its owner’s hand.,common,U,Sorcery — Adventure,,,,,,
Wilds of Eldraine,Beseech the Mirror,4.0,{1}{B}{B}{B},,,Bargain,"Bargain (You may sacrifice an artifact, enchantment, or token as you cast this spell.)
Search your library for a card, exile it face down, then shuffle. If this spell was bargained, you may cast the exiled card without paying its mana cost if that spell's mana value is 4 or less. Put the exiled card into your hand if it wasn't cast this way.",mythic,B,Sorcery,,,,,,
Wilds of Eldraine,Besotted Knight,4.0,{3}{W},3,3,,,common,W,Creature — Human Knight,,,,,,
Wilds of Eldraine,Betroth the Beast,1.0,{W},,,Role token,Create a Royal Role token attached to target creature you control.,common,W,Sorcery — Adventure,,,,,,
Wilds of Eldraine,Bespoke Battlegarb,2.0,{1}{R},,,"Celebration, Equip","Equipped creature gets +2/+0.
Celebration — At the beginning of combat on your turn, if two or more nonland permanents entered the battlefield under your control this turn, attach Bespoke Battlegarb to up to one target creature you control.
Equip {2} ({2}: Attach to target creature you control. Equip only as a sorcery.)",common,R,Artifact — Equipment,,,,,,
Wilds of Eldraine,Bestial Bloodline,2.0,{1}{G},,,Enchant,"Enchant creature
Enchanted creature gets +2/+2.
{4}{G}: Return Bestial Bloodline from your graveyard to your hand.",common,G,Enchantment — Aura,,,,,,
Wilds of Eldraine,Bitter Chill,2.0,{1}{U},,,"Enchant, Scry","Enchant creature
When Bitter Chill enters the battlefield, tap enchanted creature.
Enchanted creature doesn't untap during its controller's untap step.
When Bitter Chill is put into a graveyard from the battlefield, you may pay {1}. If you do, scry 1, then draw a card.",uncommon,U,Enchantment — Aura,,,,,,
Wilds of Eldraine,Blossoming Tortoise,4.0,{2}{G}{G},3,3,Mill,"Whenever Blossoming Tortoise enters the battlefield or attacks, mill three cards, then return a land card from your graveyard to the battlefield tapped.
Activated abilities of lands you control cost {1} less to activate.
Land creatures you control get +1/+1.",mythic,G,Creature — Turtle,,,,,,
Wilds of Eldraine,Boundary Lands Ranger,2.0,{1}{R},2,2,,"At the beginning of combat on your turn, if you control a creature with power 4 or greater, you may discard a card. If you do, draw a card.",uncommon,R,Creature — Human Ranger,,,,,,
Wilds of Eldraine,Bramble Familiar,2.0,{1}{G},2,2,Mill,,rare,G,Creature — Elemental Raccoon,G,,,,,
Wilds of Eldraine,Fetch Quest,7.0,{5}{G}{G},,,Mill,"Mill seven cards, then put a creature, enchantment, or land card from among cards milled this way onto the battlefield.",rare,G,Sorcery — Adventure,G,,,,,
Wilds of Eldraine,Brave the Wilds,1.0,{G},,,Bargain,"Bargain (You may sacrifice an artifact, enchantment, or token as you cast this spell.)
If this spell was bargained, target land you control becomes a 3/3 Elemental creature with haste that's still a land.
Search your library for a basic land card, reveal it, put it into your hand, then shuffle.",common,G,Sorcery,,,,,,
Wilds of Eldraine,Break the Spell,1.0,{W},,,,"Destroy target enchantment. If a permanent you controlled or a token was destroyed this way, draw a card.",common,W,Instant,,,,,,
Wilds of Eldraine,Callous Sell-Sword,2.0,{1}{B},2,2,,Callous Sell-Sword enters the battlefield with a +1/+1 counter on it for each creature that died under your control this turn.,uncommon,"B, R",Creature — Human Soldier,,,,,,
Wilds of Eldraine,Burn Together,1.0,{R},,,,Target creature you control deals damage equal to its power to any other target. Then sacrifice it.,uncommon,"B, R",Sorcery — Adventure,,,,,,
Wilds of Eldraine,Candy Grapple,2.0,{1}{B},,,Bargain,"Bargain (You may sacrifice an artifact, enchantment, or token as you cast this spell.)
Target creature gets -3/-3 until end of turn. If this spell was bargained, that creature gets -5/-5 until end of turn instead.",common,B,Instant,,Removal,Debuff,3,,
Wilds of Eldraine,Candy Trail,1.0,{1},,,Scry,"When Candy Trail enters the battlefield, scry 2.
{2}, {T}, Sacrifice Candy Trail: You gain 3 life and draw a card.",common,,Artifact — Food Clue,,,,,,
Wilds of Eldraine,Chancellor of Tales,4.0,{3}{U},2,3,Flying,"Flying
Whenever you cast an Adventure spell, you may copy it. You may choose new targets for the copy.",uncommon,U,Creature — Faerie Advisor,,,,,,
Wilds of Eldraine,Charging Hooligan,4.0,{3}{R},3,3,,"Whenever Charging Hooligan attacks, it gets +1/+0 until end of turn for each attacking creature. If a Rat is attacking, Charging Hooligan gains trample until end of turn.",uncommon,R,Creature — Human Peasant,,,,,,
Wilds of Eldraine,Charmed Clothier,5.0,{4}{W},3,3,"Flying, Role token","Flying
When Charmed Clothier enters the battlefield, create a Royal Role token attached to another target creature you control. (If you control another Role on it, put that one into the graveyard. Enchanted creature gets +1/+1 and has ward {1}.)",common,W,Creature — Faerie Advisor,,,,,,
Wilds of Eldraine,Charming Scoundrel,2.0,{1}{R},1,1,"Role token, Treasure, Haste","Haste
When Charming Scoundrel enters the battlefield, choose one —
• Discard a card, then draw a card.
• Create a Treasure token.
• Create a Wicked Role token attached to target creature you control.",rare,R,Creature — Human Rogue,,,,,,
Wilds of Eldraine,Cheeky House-Mouse,1.0,{W},2,1,,,uncommon,W,Creature — Mouse,,,,,,
Wilds of Eldraine,Squeak By,1.0,{W},,,,Target creature you control gets +1/+1 until end of turn. It can’t be blocked by creatures with power 3 or greater this turn.,uncommon,W,Sorcery — Adventure,,,,,,
Wilds of Eldraine,Collector's Vault,2.0,{2},,,Treasure,"{2}, {T}: Draw a card, then discard a card. Create a Treasure token. (It's an artifact with ""{T}, Sacrifice this artifact: Add one mana of any color."")",uncommon,,Artifact,"B, G, R, U, W",,,,,
Wilds of Eldraine,Commune with Nature,1.0,{G},,,,Look at the top five cards of your library. You may reveal a creature card from among them and put it into your hand. Put the rest on the bottom of your library in any order.,common,G,Sorcery,,,,,,
Wilds of Eldraine,Conceited Witch,3.0,{2}{B},2,3,Menace,,common,B,Creature — Human Warlock,,,,,,
Wilds of Eldraine,Price of Beauty,1.0,{B},2,3,Role token,Create a Wicked Role token attached to target creature you control.,common,B,Sorcery — Adventure,,,,,,
Wilds of Eldraine,Cooped Up,2.0,{1}{W},,,Enchant,"Enchant creature
Enchanted creature can't attack or block.
{2}{W}: Exile enchanted creature.",common,W,Enchantment — Aura,,Removal,Restriction,,,
Wilds of Eldraine,Cruel Somnophage,2.0,{1}{B},*,*,Mill,Cruel Somnophage’s power and toughness are each equal to the number of creature cards in all graveyards.,rare,B,Creature — Nightmare,,,,,,
Wilds of Eldraine,Can't Wake Up,2.0,{1}{U},*,*,Mill,Target player mills four cards.,rare,U,Sorcery — Adventure,,,,,,
Wilds of Eldraine,Crystal Grotto,0.0,,,,Scry,"When Crystal Grotto enters the battlefield, scry 1. (Look at the top card of your library. You may put that card on the bottom of your library.)
{T}: Add {C}.
{1}, {T}: Add one mana of any color.",common,,Land,"B, C, G, R, U, W",,,,,
Wilds of Eldraine,Cursed Courtier,3.0,{2}{W},3,3,"Lifelink, Role token","Lifelink
When Cursed Courtier enters the battlefield, create a Cursed Role token attached to it. (Enchanted creature is 1/1.)",uncommon,W,Creature — Human Noble,,,,,,
Wilds of Eldraine,Curse of the Werefox,3.0,{2}{G},,,"Role token, Fight","Create a Monster Role token attached to target creature you control. When you do, that creature fights up to one target creature you don't control. (If you control another Role on it, put that one into the graveyard. Enchanted creature gets +1/+1 and has trample. Creatures that fight each deal damage equal to their power to the other.)",common,G,Sorcery,,,,,,
Wilds of Eldraine,Cut In,4.0,{3}{R},,,Role token,"Cut In deals 4 damage to target creature.
Create a Young Hero Role token attached to up to one target creature you control. (If you control another Role on it, put that one into the graveyard. Enchanted creature has ""Whenever this creature attacks, if its toughness is 3 or less, put a +1/+1 counter on it."")",common,R,Sorcery,,,,,,
Wilds of Eldraine,Decadent Dragon,4.0,{2}{R}{R},4,4,"Flying, Treasure, Trample","Whenever Decadent Dragon attacks, create a Treasure token.",rare,"B, R",Creature — Dragon,,,,,,
Wilds of Eldraine,Expensive Taste,3.0,{2}{B},4,4,,Exile the top two cards of target opponent’s library face down. You may look at and play those cards for as long as they remain exiled.,rare,"B, R",Creature — Dragon // Instant — Adventure,,,,,,
Wilds of Eldraine,Devouring Sugarmaw,4.0,{2}{B}{B},6,6,"Food, Trample, Menace","At the beginning of your upkeep, you may sacrifice an artifact, enchantment, or token. If you don’t, tap Devouring Sugarmaw.",rare,"B, W",Creature — Horror,,,,,,
Wilds of Eldraine,Have for Dinner,2.0,{1}{W},6,6,"Food, Trample, Menace",Create a 1/1 white Human creature token and a Food token.,rare,"B, W",Instant — Adventure,,,,,,
Wilds of Eldraine,Diminisher Witch,3.0,{2}{U},3,2,"Role token, Bargain","Bargain (You may sacrifice an artifact, enchantment, or token as you cast this spell.)
When Diminisher Witch enters the battlefield, if it was bargained, create a Cursed Role token attached to target creature an opponent controls. (If you control another Role on it, put that one into the graveyard. Enchanted creature is 1/1.)",common,U,Creature — Human Warlock,,,,,,
Wilds of Eldraine,Discerning Financier,3.0,{2}{W},2,3,Treasure,"At the beginning of your upkeep, if an opponent controls more lands than you, create a Treasure token. (It's an artifact with ""{T}, Sacrifice this artifact: Add one mana of any color."")
{2}{W}: Choose another player. That player gains control of target Treasure you control. You draw a card.",uncommon,W,Creature — Human Noble,"B, G, R, U, W",,,,,
Wilds of Eldraine,Disdainful Stroke,2.0,{1}{U},,,,Counter target spell with mana value 4 or greater.,uncommon,U,Instant,,,,,,
Wilds of Eldraine,Dream Spoilers,4.0,{3}{B},2,2,Flying,"Flying
Whenever you cast a spell during an opponent's turn, up to one target creature an opponent controls gets -1/-1 until end of turn.",uncommon,B,Creature — Faerie Warlock,,,,,,
Wilds of Eldraine,Dutiful Griffin,5.0,{3}{W}{W},4,4,Flying,"Flying
{2}{W}, Sacrifice two enchantments: Return Dutiful Griffin from your graveyard to your hand.",uncommon,W,Creature — Griffin,,,,,,
Wilds of Eldraine,Edgewall Inn,0.0,,,,,"Edgewall Inn enters the battlefield tapped.
As Edgewall Inn enters the battlefield, choose a color.
{T}: Add one mana of the chosen color.
{3}, {T}, Sacrifice Edgewall Inn: Return target card that has an Adventure from your graveyard to your hand.",uncommon,,Land,"B, G, R, U, W",,,,,
Wilds of Eldraine,Edgewall Pack,4.0,{3}{R},3,3,Menace,"Menace (This creature can't be blocked except by two or more creatures.)
When Edgewall Pack enters the battlefield, create a 1/1 black Rat creature token with ""This creature can't block.""",common,R,Creature — Dog,,,,,,
Wilds of Eldraine,Eerie Interference,3.0,{2}{W},,,,Prevent all damage that would be dealt to you and creatures you control this turn by creatures.,uncommon,W,Instant,,,,,,
Wilds of Eldraine,Ego Drain,1.0,{B},,,,"Target opponent reveals their hand. You choose a nonland card from it. That player discards that card. If you don't control a Faerie, exile a card from your hand.",uncommon,B,Sorcery,,,,,,
Wilds of Eldraine,Elusive Otter,1.0,{U},1,1,Prowess,Creatures with power less than Elusive Otter’s power can’t block it.,rare,"G, U",Creature — Otter ,,,,,,
Wilds of Eldraine,Grove's Bounty,1.0,{X}{G},,,Prowess,Distribute X +1/+1 counters among any number of target creatures you control.,rare,"G, U",Sorcery — Adventure,,,,,,
Wilds of Eldraine,Elvish Archivist,2.0,{1}{G},0,1,,"Whenever one or more artifacts enter the battlefield under your control, put two +1/+1 counters on Elvish Archivist. This ability triggers only once each turn.
Whenever one or more enchantments enter the battlefield under your control, draw a card. This ability triggers only once each turn.",rare,G,Creature — Elf Artificer,,,,,,
Wilds of Eldraine,Embereth Veteran,1.0,{R},2,1,Role token,"{1}, Sacrifice Embereth Veteran: Create a Young Hero Role token attached to another target creature. (If you control another Role on it, put that one into the graveyard. Enchanted creature has ""Whenever this creature attacks, if its toughness is 3 or less, put a +1/+1 counter on it."")",uncommon,R,Creature — Human Knight,,,,,,
Wilds of Eldraine,Eriette of the Charmed Apple,3.0,{1}{W}{B},2,4,,"Each creature that's enchanted by an Aura you control can't attack you or planeswalkers you control.
At the beginning of your end step, each opponent loses X life and you gain X life, where X is the number of Auras you control.",mythic,"B, W",Legendary Creature — Human Warlock,,,,,,
Wilds of Eldraine,Eriette's Tempting Apple,4.0,{4},,,,"When Eriette's Tempting Apple enters the battlefield, gain control of target creature until end of turn. Untap that creature. It gains haste until end of turn.
{2}, {T}, Sacrifice Eriette's Tempting Apple: You gain 3 life.
{2}, {T}, Sacrifice Eriette's Tempting Apple: Target opponent loses 3 life.",uncommon,,Legendary Artifact — Food,,,,,,
Wilds of Eldraine,Eriette's Whisper,4.0,{3}{B},,,Role token,"Target opponent discards two cards. Create a Wicked Role token attached to up to one target creature you control. (If you control another Role on it, put that one into the graveyard. Enchanted creature gets +1/+1. When this Aura is put into a graveyard, each opponent loses 1 life.)",common,B,Sorcery,,,,,,
Wilds of Eldraine,Evolving Wilds,0.0,,,,,"{T}, Sacrifice Evolving Wilds: Search your library for a basic land card, put it onto the battlefield tapped, then shuffle.",common,,Land,,,,,,
Wilds of Eldraine,Expel the Interlopers,5.0,{3}{W}{W},,,,Choose a number between 0 and 10. Destroy all creatures with power greater than or equal to the chosen number.,rare,W,Sorcery,,,,,,
Wilds of Eldraine,Experimental Confectioner,3.0,{2}{B},2,3,Food,"When Experimental Confectioner enters the battlefield, create a Food token. (It's an artifact with ""{2}, {T}, Sacrifice this artifact: You gain 3 life."")
Whenever you sacrifice a Food, create a 1/1 black Rat creature token with ""This creature can't block.""",uncommon,B,Creature — Human Peasant,,,,,,
Wilds of Eldraine,Extraordinary Journey,2.0,{X}{X}{U}{U},,,,"When Extraordinary Journey enters the battlefield, exile up to X target creatures. For each of those cards, its owner may play it for as long as it remains exiled.
Whenever one or more nontoken creatures enter the battlefield, if one or more of them entered from exile or was cast from exile, you draw a card. This ability triggers only once each turn.",rare,U,Enchantment,,,,,,
Wilds of Eldraine,Faerie Dreamthief,1.0,{B},1,1,"Flying, Surveil","Flying
When Faerie Dreamthief enters the battlefield, surveil 1. (Look at the top card of your library. You may put it into your graveyard.)
{2}{B}, Exile Faerie Dreamthief from your graveyard: You draw a card and you lose 1 life.",uncommon,B,Creature — Faerie Warlock,,,,,,
Wilds of Eldraine,Faerie Fencing,1.0,{X}{B},,,,Target creature gets -X/-X until end of turn. That creature gets an additional -3/-3 until end of turn if you controlled a Faerie as you cast this spell.,uncommon,B,Instant,,,,,,
Wilds of Eldraine,Faerie Slumber Party,6.0,{4}{U}{U},,,,"Return all creatures to their owners' hands. For each opponent who controlled a creature returned this way, you create two 1/1 blue Faerie creature tokens with flying and ""This creature can block only creatures with flying.""",rare,U,Sorcery,,,,,,
Wilds of Eldraine,Farsight Ritual,4.0,{2}{U}{U},,,Bargain,"Bargain (You may sacrifice an artifact, enchantment, or token as you cast this spell.)
Look at the top four cards of your library. If this spell was bargained, look at the top eight cards of your library instead. Put two of them into your hand and the rest on the bottom of your library in a random order.",rare,U,Instant,,,,,,
Wilds of Eldraine,Faunsbane Troll,4.0,{2}{B}{G},4,4,"Role token, Fight","When Faunsbane Troll enters the battlefield, create a Monster Role token attached to it. (Enchanted creature gets +1/+1 and has trample.)
{1}, Sacrifice an Aura attached to Faunsbane Troll: Faunsbane Troll fights target creature you don't control. If that creature would die this turn, exile it instead. Activate only as a sorcery.",rare,"B, G",Creature — Troll,,,,,,
Wilds of Eldraine,Feed the Cauldron,3.0,{2}{B},,,Food,"Destroy target creature with mana value 3 or less. If it's your turn, create a Food token. (It's an artifact with ""{2}, {T}, Sacrifice this artifact: You gain 3 life."")",common,B,Instant,,Removal,Destroy,,,mana value 3 or less
Wilds of Eldraine,Fell Horseman,4.0,{3}{B},3,3,,"When Fell Horseman dies, put it on the bottom of its owner’s library.",common,B,Creature — Zombie Knight,,,,,,
Wilds of Eldraine,Deathly Ride,2.0,{1}{B},,,,Return target creature card from your graveyard to your hand.,common,B,Sorcery — Adventure,,,,,,
Wilds of Eldraine,Feral Encounter,2.0,{G}{G},,,,"Look at the top five cards of your library. You may exile a creature card from among them. Put the rest on the bottom of your library in a random order. You may cast the exiled card this turn. At the beginning of the next combat phase this turn, target creature you control deals damage equal to its power to up to one target creature you don't control.",rare,G,Sorcery,,,,,,
Wilds of Eldraine,Ferocious Werefox,4.0,{3}{G},4,3,Trample,,common,G,Creature — Elf Fox Warrior,,,,,,
Wilds of Eldraine,Guard Change,2.0,{1}{G},,,Role token,Create a Monster Role token attached to target creature you control.,common,G,Instant — Adventure,,,,,,
Wilds of Eldraine,Flick a Coin,3.0,{2}{R},,,Treasure,"Flick a Coin deals 1 damage to any target. You create a Treasure token. (It's an artifact with ""{T}, Sacrifice this artifact: Add one mana of any color."")
Draw a card.",common,R,Instant,"B, G, R, U, W",,,,,
Wilds of Eldraine,Food Coma,4.0,{3}{W},,,Food,"When Food Coma enters the battlefield, exile target creature an opponent controls until Food Coma leaves the battlefield. Create a Food token. (It's an artifact with ""{2}, {T}, Sacrifice this artifact: You gain 3 life."")",uncommon,W,Enchantment,,Removal,Exile,,,
Wilds of Eldraine,Food Fight,2.0,{1}{R},,,,"Artifacts you control have ""{2}, Sacrifice this artifact: It deals damage to any target equal to 1 plus the number of permanents named Food Fight you control.""",rare,R,Enchantment,,,,,,
Wilds of Eldraine,Forest,0.0,,,,,({T}: Add {G}.),common,G,Basic Land — Forest,G,,,,,
Wilds of Eldraine,Frantic Firebolt,3.0,{2}{R},,,,"Frantic Firebolt deals X damage to target creature, where X is 2 plus the number of cards in your graveyard that are instant cards, sorcery cards, and/or have an Adventure.",common,R,Instant,,,,,,
Wilds of Eldraine,Freeze in Place,2.0,{1}{U},,,Scry,"Tap target creature an opponent controls and put three stun counters on it. Scry 2. (If a permanent with a stun counter would become untapped, remove one from it instead.)",common,U,Sorcery,,,,,,
Wilds of Eldraine,Frolicking Familiar,3.0,{2}{U},2,2,Flying,"Whenever you cast an instant or sorcery spell, Frolicking Familiar gets +1/+1 until end of turn.",uncommon,"R, U",Creature — Otter Wizard,,,,,,
Wilds of Eldraine,Blow Off Steam,1.0,{R},,,,Blow Off Steam deals 1 damage to any target.,uncommon,"R, U",Instant — Adventure,,,,,,
Wilds of Eldraine,Frostbridge Guard,2.0,{1}{W},2,2,,"{2}{W}, {T}: Tap target creature.",common,W,Creature — Elemental Soldier,,,,,,
Wilds of Eldraine,Gadwick's First Duel,2.0,{1}{U},,,"Role token, Scry","(As this Saga enters and after your draw step, add a lore counter. Sacrifice after III.)
I — Create a Cursed Role token attached to up to one target creature. (If you control another Role on it, put that one into the graveyard. Enchanted creature is 1/1.)
II — Scry 2.
III — When you cast your next instant or sorcery spell with mana value 3 or less this turn, copy that spell. You may choose new targets for the copy.",uncommon,U,Enchantment — Saga,,,,,,
Wilds of Eldraine,Gallant Pie-Wielder,3.0,{2}{W},2,3,"Celebration, First strike","First strike
Celebration — Gallant Pie-Wielder has double strike as long as two or more nonland permanents entered the battlefield under your control this turn.",uncommon,W,Creature — Dwarf Knight,,,,,,
Wilds of Eldraine,Galvanic Giant,4.0,{3}{U},3,3,,"Whenever you cast a spell with mana value 5 or greater, tap target creature an opponent controls and put a stun counter on it.",uncommon,U,Creature — Giant Wizard,,,,,,
Wilds of Eldraine,Storm Reading,7.0,{5}{U}{U},,,,"Draw four cards, then discard two cards.",uncommon,U,Instant — Adventure,,,,,,
Wilds of Eldraine,Gingerbread Hunter,5.0,{4}{G},5,5,Food,"When Gingerbread Hunter enters the battlefield, create a Food token.",uncommon,"B, G",Creature — Giant,,,,,,
Wilds of Eldraine,Puny Snack,3.0,{2}{B},,,,Target creature gets -2/-2 until end of turn.,uncommon,"B, G",Instant — Adventure,,,,,,
Wilds of Eldraine,Gingerbrute,1.0,{1},1,1,Haste,"Haste
{1}: Gingerbrute can't be blocked this turn except by creatures with haste.
{2}, {T}, Sacrifice Gingerbrute: You gain 3 life.",common,,Artifact Creature — Food Golem,,,,,,
Wilds of Eldraine,Glass Casket,2.0,{1}{W},,,,"When Glass Casket enters the battlefield, exile target creature an opponent controls with mana value 3 or less until Glass Casket leaves the battlefield.",uncommon,W,Artifact,,Removal,Exile,,,
Wilds of Eldraine,Gnawing Crescendo,3.0,{2}{R},,,,"Creatures you control get +2/+0 until end of turn. Whenever a nontoken creature you control dies this turn, create a 1/1 black Rat creature token with ""This creature can't block.""",common,R,Instant,,,,,,
Wilds of Eldraine,"Goddric, Cloaked Reveler",3.0,{1}{R}{R},3,3,"Celebration, Haste","Haste
Celebration — As long as two or more nonland permanents entered the battlefield under your control this turn, Goddric, Cloaked Reveler is a Dragon with base power and toughness 4/4, flying, and ""{R}: Dragons you control get +1/+0 until end of turn."" (It loses all other creature types.)",rare,R,Legendary Creature — Human Noble,,,,,,
Wilds of Eldraine,Grabby Giant,4.0,{3}{R},4,3,Reach,{2}{R}:Sacrifice an artifact or land: Draw a card.,common,R,Creature — Giant,,,,,,
Wilds of Eldraine,That's Mine,2.0,{1}{R},,,Treasure,Create a Treasure token.,common,R,Instant — Adventure,,,,,,
Wilds of Eldraine,Graceful Takedown,2.0,{1}{G},,,,Any number of target enchanted creatures you control and up to one other target creature you control each deal damage equal to their power to target creature you don't control.,uncommon,G,Sorcery,,,,,,
Wilds of Eldraine,Grand Ball Guest,2.0,{1}{R},2,2,Celebration,Celebration — Grand Ball Guest gets +1/+1 and has trample as long as two or more nonland permanents entered the battlefield under your control this turn.,common,R,Creature — Human Peasant,,,,,,
Wilds of Eldraine,"Greta, Sweettooth Scourge",3.0,{1}{B}{G},3,3,Food,"When Greta, Sweettooth Scourge enters the battlefield, create a Food token. (It's an artifact with ""{2}, {T}, Sacrifice this artifact: You gain 3 life."")
{G}, Sacrifice a Food: Put a +1/+1 counter on target creature. Activate only as a sorcery.
{1}{B}, Sacrifice a Food: You draw a card and you lose 1 life.",uncommon,"B, G",Legendary Creature — Human Warrior,,,,,,
Wilds of Eldraine,Gruff Triplets,6.0,{3}{G}{G}{G},3,3,Trample,"Trample
When Gruff Triplets enters the battlefield, if it isn't a token, create two tokens that are copies of it.
When Gruff Triplets dies, put a number of +1/+1 counters equal to its power on each creature you control named Gruff Triplets.",rare,G,Creature — Satyr Warrior,,,,,,
Wilds of Eldraine,Gumdrop Poisoner,3.0,{2}{B},3,2,Lifelink,"When Gumdrop Poisoner enters the battlefield, up to one target creature gets -X/-X until end of turn, where X is the amount of life you gained this turn.",rare,B,Creature — Human Warlock,,,,,,
Wilds of Eldraine,Tempt with Treats,1.0,{B},,,Food,Create a Food token.,rare,B,Instant — Adventure,,,,,,
Wilds of Eldraine,Hamlet Glutton,7.0,{5}{G}{G},6,6,"Trample, Bargain","Bargain (You may sacrifice an artifact, enchantment, or token as you cast this spell.)
This spell costs {2} less to cast if it's bargained.
Trample
When Hamlet Glutton enters the battlefield, you gain 3 life.",common,G,Creature — Giant,,,,,,
Wilds of Eldraine,Harried Spearguard,1.0,{R},1,1,Haste,"Haste
When Harried Spearguard dies, create a 1/1 black Rat creature token with ""This creature can't block.""",common,R,Creature — Human Soldier,,,,,,
Wilds of Eldraine,Heartflame Duelist,2.0,{1}{W},3,1,,Instant and sorcery spells you control have lifelink.,rare,"R, W",Creature — Human Knight,,,,,,
Wilds of Eldraine,Heartflame Slash,3.0,{2}{R},,,,Heartflame Slash deals 3 damage to any target.,rare,"R, W",Instant — Adventure,,,,,,
Wilds of Eldraine,Hearth Elemental,6.0,{5}{R},4,5,,"This spell costs {X} less to cast, where X is the number of cards in your graveyard that are instant cards, sorcery cards, and/or have an Adventure.",uncommon,R,Creature — Elemental,,,,,,
Wilds of Eldraine,Stoke Genius,2.0,{1}{R},,,,"Discard your hand, then draw two cards.",uncommon,R,Sorcery — Adventure,,,,,,
Wilds of Eldraine,High Fae Negotiator,5.0,{3}{B}{B},3,5,"Flying, Bargain","Bargain (You may sacrifice an artifact, enchantment, or token as you cast this spell.)
Flying
When High Fae Negotiator enters the battlefield, if it was bargained, each opponent loses 3 life and you gain 3 life.",uncommon,B,Creature — Faerie Warlock,,,,,,
Wilds of Eldraine,Hollow Scavenger,3.0,{2}{G},3,2,,"{1}, Sacrifice a Food: Hollow Scavenger gets +2/+2 until end of turn. Activate only once each turn.",common,G,Creature — Wolf,,,,,,
Wilds of Eldraine,Bakery Raid,1.0,{G},,,Food,Create a Food token.,common,G,Sorcery — Adventure,,,,,,
Wilds of Eldraine,Hopeful Vigil,2.0,{1}{W},,,Scry,"When Hopeful Vigil enters the battlefield, create a 2/2 white Knight creature token with vigilance.
When Hopeful Vigil is put into a graveyard from the battlefield, scry 2.
{2}{W}: Sacrifice Hopeful Vigil.",common,W,Enchantment,,,,,,
Wilds of Eldraine,Hopeless Nightmare,1.0,{B},,,Scry,"When Hopeless Nightmare enters the battlefield, each opponent discards a card and loses 2 life.
When Hopeless Nightmare is put into a graveyard from the battlefield, scry 2.
{2}{B}: Sacrifice Hopeless Nightmare.",common,B,Enchantment,,,,,,
Wilds of Eldraine,Horned Loch-Whale,6.0,{4}{U}{U},6,6,"Ward, Flash",Horned Loch-Whale enters the battlefield tapped unless it’s your turn.,rare,U,Creature — Whale,,,,,,
Wilds of Eldraine,Lagoon Breach,2.0,{1}{U},,,,The owner of target attacking creature you don’t control puts it on the top or bottom of their library.,rare,U,Instant — Adventure,,,,,,
Wilds of Eldraine,Howling Galefang,4.0,{2}{G}{G},4,4,Vigilance,"Vigilance
Howling Galefang has haste as long as you own a card in exile that has an Adventure.",uncommon,G,Creature — Beast,,,,,,
Wilds of Eldraine,Hylda of the Icy Crown,4.0,{2}{W}{U},3,4,Scry,"Whenever you tap an untapped creature an opponent controls, you may pay {1}. When you do, choose one —
• Create a 4/4 white and blue Elemental creature token.
• Put a +1/+1 counter on each creature you control.
• Scry 2, then draw a card.",mythic,"U, W",Legendary Creature — Human Warlock,,,,,,
Wilds of Eldraine,Hylda's Crown of Winter,3.0,{3},,,,"{1}, {T}: Tap target creature. This ability costs {1} less to activate during your turn.
{3}, Sacrifice Hylda's Crown of Winter: Draw a card for each tapped creature your opponents control.",rare,,Legendary Artifact,,,,,,
Wilds of Eldraine,Ice Out,3.0,{1}{U}{U},,,Bargain,"Bargain (You may sacrifice an artifact, enchantment, or token as you cast this spell.)
This spell costs {1} less to cast if it's bargained.
Counter target spell.",common,U,Instant,,,,,,
Wilds of Eldraine,Icewrought Sentry,3.0,{2}{U},2,3,Vigilance,"Vigilance
Whenever Icewrought Sentry attacks, you may pay {1}{U}. When you do, tap target creature an opponent controls.
Whenever you tap an untapped creature an opponent controls, Icewrought Sentry gets +2/+1 until end of turn.",uncommon,U,Creature — Elemental Soldier,,,,,,
Wilds of Eldraine,Imodane's Recruiter,3.0,{2}{R},2,2,,"When Imodane’s Recruiter enters the battlefield, creatures you control get +1/+0 and gain haste until end of turn.",uncommon,"R, W",Creature — Human Knight,,,,,,
Wilds of Eldraine,Train Troops,5.0,{4}{W},,,,Create two 2/2 white Knight creature tokens with vigilance.,uncommon,"R, W",Sorcery — Adventure,,,,,,
Wilds of Eldraine,"Imodane, the Pyrohammer",4.0,{2}{R}{R},4,4,,"Whenever an instant or sorcery spell you control that targets only a single creature deals damage to that creature, Imodane deals that much damage to each opponent.",rare,R,Legendary Creature — Human Knight,,,,,,
Wilds of Eldraine,Ingenious Prodigy,1.0,{X}{U},0,1,Skulk,"Skulk (This creature can't be blocked by creatures with greater power.)
Ingenious Prodigy enters the battlefield with X +1/+1 counters on it.
At the beginning of your upkeep, if Ingenious Prodigy has one or more +1/+1 counters on it, you may remove a +1/+1 counter from it. If you do, draw a card.",rare,U,Creature — Human Wizard,,,,,,
Wilds of Eldraine,Into the Fae Court,5.0,{3}{U}{U},,,,"Draw three cards. Create a 1/1 blue Faerie creature token with flying and ""This creature can block only creatures with flying.""",common,U,Sorcery,,,,,,
Wilds of Eldraine,Intrepid Trufflesnout // Go Hog Wild,2.0,{1}{G} // {1}{G},3,1,Food,,uncommon,G,Creature — Boar // Instant — Adventure,,,,,,
Wilds of Eldraine,Island,0.0,,,,,({T}: Add {U}.),common,U,Basic Land — Island,U,,,,,
Wilds of Eldraine,"Johann, Apprentice Sorcerer",4.0,{2}{U}{R},2,5,,"You may look at the top card of your library any time.
Once each turn, you may cast an instant or sorcery spell from the top of your library. (You still pay its costs. Timing rules still apply.)",uncommon,"R, U",Legendary Creature — Human Wizard,,,,,,
Wilds of Eldraine,Johann's Stopgap,4.0,{3}{U},,,Bargain,"Bargain (You may sacrifice an artifact, enchantment, or token as you cast this spell.)
This spell costs {2} less to cast if it's bargained.
Return target nonland permanent to its owner's hand. Draw a card.",common,U,Sorcery,,,,,,
Wilds of Eldraine,Kellan's Lightblades,2.0,{1}{W},,,Bargain,"Bargain (You may sacrifice an artifact, enchantment, or token as you cast this spell.)
Kellan's Lightblades deals 3 damage to target attacking or blocking creature. If this spell was bargained, destroy that creature instead.",common,W,Instant,,,,,,
Wilds of Eldraine,"Kellan, the Fae-Blooded",3.0,{2}{R},2,2,Double strike,"Other creatures you control get +1/+0 for each Aura and Equipment attached to Kellan, the Fae-Blooded.",mythic,"R, W",Legendary Creature — Human Faerie,,,,,,
Wilds of Eldraine,Birthright Boon,2.0,{1}{W},,,,"Search your library for an Aura or Equipment card, reveal it, put it into your hand, then shuffle.",mythic,"R, W",Sorcery — Adventure,,,,,,
Wilds of Eldraine,Kindled Heroism,1.0,{R},,,Scry,Target creature gets +1/+0 and gains first strike until end of turn. Scry 1.,common,R,Instant,,,,,,
Wilds of Eldraine,Knight of Doves,3.0,{2}{W},1,3,,"Whenever an enchantment you control is put into a graveyard from the battlefield, create a 1/1 white Bird creature token with flying.",uncommon,W,Creature — Human Knight,,,,,,
Wilds of Eldraine,Korvold and the Noble Thief,4.0,{3}{R},,,Treasure,"(As this Saga enters and after your draw step, add a lore counter. Sacrifice after III.)
I, II — Create a Treasure token. (It's an artifact with ""{T}, Sacrifice this artifact: Add one mana of any color."")
III — Exile the top three cards of target opponent's library. You may play those cards this turn.",uncommon,R,Enchantment — Saga,"B, G, R, U, W",,,,,
Wilds of Eldraine,Lady of Laughter,5.0,{3}{W}{W},4,5,"Flying, Celebration","Flying
Celebration — At the beginning of your end step, if two or more nonland permanents entered the battlefield under your control this turn, draw a card.",rare,W,Creature — Faerie Noble,,,,,,
Wilds of Eldraine,Leaping Ambush,1.0,{G},,,,Target creature gets +1/+3 and gains reach until end of turn. Untap it.,common,G,Instant,,,,,,
Wilds of Eldraine,Lich-Knights' Conquest,5.0,{4}{B},,,,"Sacrifice any number of artifacts, enchantments, and/or tokens. Return that many creature cards from your graveyard to the battlefield.",rare,B,Sorcery,,,,,,
Wilds of Eldraine,Likeness Looter,2.0,{U}{B},1,1,Flying,"Flying
{T}: Draw a card, then discard a card.
{X}: Likeness Looter becomes a copy of target creature card in your graveyard with mana value X, except it has flying and this ability. Activate only as a sorcery.",rare,"B, U",Creature — Faerie Shapeshifter,,,,,,
Wilds of Eldraine,Living Lectern,2.0,{1}{U},0,4,"Role token, Scry","{1}, Sacrifice Living Lectern: Draw a card. Create a Sorcerer Role token attached to up to one other target creature you control. Activate only as a sorcery. (If you control another Role on it, put that one into the graveyard. Enchanted creature gets +1/+1 and has ""Whenever this creature attacks, scry 1."")",common,U,Artifact Creature — Construct,,,,,,
Wilds of Eldraine,Lord Skitter's Blessing,2.0,{1}{B},,,Role token,"When Lord Skitter's Blessing enters the battlefield, create a Wicked Role token attached to target creature you control. (Enchanted creature gets +1/+1. When this Aura is put into a graveyard, each opponent loses 1 life.)
At the beginning of your draw step, if you control an enchanted creature, you lose 1 life and you draw an additional card.",rare,B,Enchantment,,,,,,
Wilds of Eldraine,Lord Skitter's Butcher,3.0,{2}{B},2,3,Scry,"When Lord Skitter's Butcher enters the battlefield, choose one —
• Create a 1/1 black Rat creature token with ""This creature can't block.""
• You may sacrifice another creature. If you do, scry 2, then draw a card.
• Creatures you control gain menace until end of turn.",uncommon,B,Creature — Rat Peasant,,,,,,
Wilds of Eldraine,"Lord Skitter, Sewer King",3.0,{2}{B},3,3,,"Whenever another Rat enters the battlefield under your control, exile up to one target card from an opponent's graveyard.
At the beginning of combat on your turn, create a 1/1 black Rat creature token with ""This creature can't block.""",rare,B,Legendary Creature — Rat Noble,,,,,,
Wilds of Eldraine,Malevolent Witchkite,6.0,{4}{B}{B},5,4,Flying,"Flying
When Malevolent Witchkite enters the battlefield, sacrifice any number of artifacts, enchantments, and/or tokens, then draw that many cards.",rare,B,Creature — Dragon Warlock,,,,,,
Wilds of Eldraine,Merfolk Coralsmith,3.0,{2}{U},2,3,Scry,"{1}: Merfolk Coralsmith gets +1/-1 until end of turn.
When Merfolk Coralsmith dies, scry 2.",common,U,Creature — Merfolk,,,,,,
Wilds of Eldraine,Merry Bards,3.0,{2}{R},3,2,Role token,"When Merry Bards enters the battlefield, you may pay {1}. When you do, create a Young Hero Role token attached to target creature you control. (If you control another Role on it, put that one into the graveyard. Enchanted creature has ""Whenever this creature attacks, if its toughness is 3 or less, put a +1/+1 counter on it."")",common,R,Creature — Human Bard,,,,,,
Wilds of Eldraine,Minecart Daredevil,3.0,{2}{R},4,2,,,common,R,Creature — Dwarf Knight,,,,,,
Wilds of Eldraine,Ride the Rails,2.0,{1}{R},,,,Target creature gets +2/+1 until end of turn.,common,R,Instant — Adventure,,,,,,
Wilds of Eldraine,Mintstrosity,2.0,{1}{B},3,1,Food,"When Mintstrosity dies, create a Food token. (It's an artifact with ""{2}, {T}, Sacrifice this artifact: You gain 3 life."")",common,B,Creature — Horror,,,,,,
Wilds of Eldraine,Misleading Motes,4.0,{3}{U},,,,Target creature's owner puts it on the top or bottom of their library.,common,U,Instant,,,,,,
Wilds of Eldraine,Mocking Sprite,3.0,{2}{U},2,1,Flying,"Flying
Instant and sorcery spells you cast cost {1} less to cast.",common,U,Creature — Faerie Rogue,,,,,,
Wilds of Eldraine,Moment of Valor,3.0,{2}{W},,,,"Choose one —
• Untap target creature. It gets +1/+0 and gains indestructible until end of turn.
• Destroy target creature with power 4 or greater.",common,W,Instant,,Removal,Destroy,,power 4 or greater,
Wilds of Eldraine,Monstrous Rage,1.0,{R},,,Role token,"Target creature gets +2/+0 until end of turn. Create a Monster Role token attached to it. (If you control another Role on it, put that one into the graveyard. Enchanted creature gets +1/+1 and has trample.)",uncommon,R,Instant,,,,,,
Wilds of Eldraine,Moonshaker Cavalry,8.0,{5}{W}{W}{W},6,6,Flying,"Flying
When Moonshaker Cavalry enters the battlefield, creatures you control gain flying and get +X/+X until end of turn, where X is the number of creatures you control.",mythic,W,Creature — Spirit Knight,,,,,,
Wilds of Eldraine,Mosswood Dreadknight,2.0,{1}{G},3,2,Trample,"When Mosswood Dreadknight dies, you may cast it from your graveyard as an Adventure until the end of your next turn.",rare,"B, G",Creature — Human Knight,,,,,,
Wilds of Eldraine,Dread Whispers,2.0,{1}{B},,,,You draw a card and you lose 1 life.,rare,"B, G",Sorcery — Adventure,,,,,,
Wilds of Eldraine,Mountain,0.0,,,,,({T}: Add {R}.),common,R,Basic Land — Mountain,R,,,,,
Wilds of Eldraine,"Neva, Stalked by Nightmares",4.0,{2}{W}{B},2,2,"Menace, Scry","Menace
When Neva, Stalked by Nightmares enters the battlefield, return target creature or enchantment card from your graveyard to your hand.
Whenever an enchantment you control is put into a graveyard from the battlefield, put a +1/+1 counter on Neva, then scry 1.",uncommon,"B, W",Legendary Creature — Human Noble,,,,,,
Wilds of Eldraine,Night of the Sweets' Revenge,4.0,{3}{G},,,Food,"When Night of the Sweets' Revenge enters the battlefield, create a Food token. (It's an artifact with ""{2}, {T}, Sacrifice this artifact: You gain 3 life."")
Foods you control have ""{T}: Add {G}.""
{5}{G}{G}, Sacrifice Night of the Sweets' Revenge: Creatures you control get +X/+X until end of turn, where X is the number of Foods you control. Activate only as a sorcery.",uncommon,G,Enchantment,G,,,,,
Wilds of Eldraine,Not Dead After All,1.0,{B},,,Role token,"Until end of turn, target creature you control gains ""When this creature dies, return it to the battlefield tapped under its owner's control, then create a Wicked Role token attached to it."" (Enchanted creature gets +1/+1. When this Aura is put into a graveyard, each opponent loses 1 life.)",common,B,Instant,,,,,,
Wilds of Eldraine,"Obyra, Dreaming Duelist",2.0,{U}{B},2,2,"Flying, Flash","Flash
Flying
Whenever another Faerie enters the battlefield under your control, each opponent loses 1 life.",uncommon,"B, U",Legendary Creature — Faerie Warrior,,,,,,
Wilds of Eldraine,Obyra's Attendants,5.0,{4}{U},3,4,Flying,,common,U,Creature — Faerie Wizard,,,,,,
Wilds of Eldraine,Desperate Parry,2.0,{1}{U},,,,Target creature gets -4/-0 until end of turn.,common,U,Instant — Adventure,,,,,,
Wilds of Eldraine,Ogre Chitterlord,6.0,{4}{R}{R},6,5,Menace,"Menace
Whenever Ogre Chitterlord enters the battlefield or attacks, create two 1/1 black Rat creature tokens with ""This creature can't block."" Then if you control five or more Rats, each Rat you control gets +2/+0 until end of turn.",rare,R,Creature — Ogre Warrior,,,,,,
Wilds of Eldraine,Old Flitterfang,5.0,{4}{B},3,4,"Flying, Food","Flying
At the beginning of each end step, if a creature died this turn, create a Food token. (It's an artifact with ""{2}, {T}, Sacrifice this artifact: You gain 3 life."")
{2}{B}, Sacrifice another creature or artifact: Old Flitterfang gets +2/+2 until end of turn.",uncommon,B,Legendary Creature — Rat Faerie,,,,,,
Wilds of Eldraine,Pests of Honor,3.0,{2}{W},2,2,Celebration,"Celebration — At the beginning of combat on your turn, if two or more nonland permanents entered the battlefield under your control this turn, put a +1/+1 counter on Pests of Honor.",uncommon,W,Creature — Mouse,,,,,,
Wilds of Eldraine,Picklock Prankster,2.0,{1}{U},1,3,"Flying, Vigilance, Mill",,uncommon,U,Creature — Faerie Rogue,,,,,,
Wilds of Eldraine,Picklock Prankster // Free the Fae,2.0,{1}{U},,,,"Mill four cards. Then put an instant, sorcery, or Faerie card from among the milled cards into your hand.",uncommon,U,Instant — Adventure,,,,,,
Wilds of Eldraine,Picnic Ruiner,2.0,{1}{R},2,2,,"Whenever Picnic Ruiner attacks while you control a creature with power 4 or greater, Picnic Ruiner gains double strike until end of turn.",uncommon,"G, R",Creature — Goblin Rogue,,,,,,
Wilds of Eldraine,Picnic Ruiner // Stolen Goodies,4.0,{3}{G},,,,Distribute three +1/+1 counters among any number of target creatures you control.,uncommon,"G, R",Sorcery — Adventure,,,,,,
Wilds of Eldraine,Plains,0.0,,,,,({T}: Add {W}.),common,W,Basic Land — Plains,W,,,,,
Wilds of Eldraine,Plunge into Winter,2.0,{1}{W},,,Scry,"Tap up to one target creature. Scry 1, then draw a card.",common,W,Instant,,,,,,
Wilds of Eldraine,Pollen-Shield Hare,2.0,{1}{W},2,2,,Creature tokens you control get +1/+1.,rare,"G, W",Creature — Rabbit,,,,,,
Wilds of Eldraine,Hare Raising,1.0,{G},,,,"Target creature you control gains vigilance and gets +X/+X until end of turn, where X is the number of creatures you control.",rare,"G, W",Sorcery — Adventure,,,,,,
Wilds of Eldraine,Prophetic Prism,2.0,{2},,,,"When Prophetic Prism enters the battlefield, draw a card.
{1}, {T}: Add one mana of any color.",common,,Artifact,"B, G, R, U, W",,,,,
Wilds of Eldraine,Protective Parents,3.0,{2}{W},3,2,Role token,"When Protective Parents dies, create a Young Hero Role token attached to up to one target creature you control. (If you control another Role on it, put that one into the graveyard. Enchanted creature has ""Whenever this creature attacks, if its toughness is 3 or less, put a +1/+1 counter on it."")",common,W,Creature — Human Peasant,,,,,,
Wilds of Eldraine,Provisions Merchant,4.0,{2}{G}{G},3,3,Food,"When Provisions Merchant enters the battlefield, create a Food token. (It's an artifact with ""{2}, {T}, Sacrifice this artifact: You gain 3 life."")
Whenever Provisions Merchant attacks, you may sacrifice a Food. If you do, attacking creatures get +1/+1 and gain trample until end of turn.",uncommon,G,Creature — Beast Peasant,,,,,,
Wilds of Eldraine,Questing Druid,2.0,{1}{G},1,1,,"Whenever you cast a spell that’s white, blue, black, or red, put a +1/+1 counter on Questing Druid.",rare,"G, R",Creature — Human Druid,,,,,,
Wilds of Eldraine,Seek the Beast,2.0,{1}{R},1,1,,"Exile the top two cards of your library. Until your next end step, you may play those cards.",rare,"G, R",Instant — Adventure,,,,,,
Wilds of Eldraine,Quick Study,3.0,{2}{U},,,,Draw two cards.,common,U,Instant,,,,,,
Wilds of Eldraine,Raging Battle Mouse,2.0,{1}{R},2,1,Celebration,"The second spell you cast each turn costs {1} less to cast.
Celebration — At the beginning of combat on your turn, if two or more nonland permanents entered the battlefield under your control this turn, target creature you control gets +1/+1 until end of turn.",rare,R,Creature — Mouse,,,,,,
Wilds of Eldraine,Rankle's Prank,4.0,{2}{B}{B},,,,"Choose one or more —
• Each player discards two cards.
• Each player loses 4 life.
• Each player sacrifices two creatures.",rare,B,Sorcery,,,,,,
Wilds of Eldraine,Ratcatcher Trainee,2.0,{1}{R},2,1,,"As long as it’s your turn, Ratcatcher Trainee has first strike.",common,R,Creature — Human Peasant,,,,,,
Wilds of Eldraine,Pest Problem,3.0,{2}{R},,,,Create two 1/1 black Rat creature tokens with “This creature can’t block.”,common,R,Instant — Adventure,,,,,,
Wilds of Eldraine,Rat Out,1.0,{B},,,,"Up to one target creature gets -1/-1 until end of turn. You create a 1/1 black Rat creature token with ""This creature can't block.""",common,B,Instant,,Removal,Debuff,1,,
Wilds of Eldraine,Realm-Scorcher Hellkite,6.0,{4}{R}{R},4,6,"Flying, Haste, Bargain","Bargain (You may sacrifice an artifact, enchantment, or token as you cast this spell.)
Flying, haste
When Realm-Scorcher Hellkite enters the battlefield, if it was bargained, add four mana in any combination of colors.
{1}{R}: Realm-Scorcher Hellkite deals 1 damage to any target.",mythic,R,Creature — Dragon,"B, G, R, U, W",,,,,
Wilds of Eldraine,Redcap Gutter-Dweller,4.0,{2}{R}{R},3,3,Menace,"Menace
When Redcap Gutter-Dweller enters the battlefield, create two 1/1 black Rat creature tokens with ""This creature can't block.""
At the beginning of your upkeep, you may sacrifice another creature. If you do, put a +1/+1 counter on Redcap Gutter-Dweller and exile the top card of your library. You may play that card this turn.",rare,R,Creature — Goblin Warrior,,,,,,
Wilds of Eldraine,Redcap Thief,3.0,{2}{R},2,3,Treasure,"When Redcap Thief enters the battlefield, create a Treasure token. (It's an artifact with ""{T}, Sacrifice this artifact: Add one mana of any color."")",common,R,Creature — Goblin Rogue,"B, G, R, U, W",,,,,
Wilds of Eldraine,Redtooth Genealogist,3.0,{2}{G},2,3,Role token,"When Redtooth Genealogist enters the battlefield, create a Royal Role token attached to another target creature you control. (If you control another Role on it, put that one into the graveyard. Enchanted creature gets +1/+1 and has ward {1}.)",common,G,Creature — Elf Advisor,,,,,,
Wilds of Eldraine,Redtooth Vanguard,2.0,{1}{G},3,1,Trample,"Trample
Whenever an enchantment enters the battlefield under your control, you may pay {2}. If you do, return Redtooth Vanguard from your graveyard to your hand.",uncommon,G,Creature — Elf Warrior,,,,,,
Wilds of Eldraine,Regal Bunnicorn,2.0,{1}{W},*,*,,Regal Bunnicorn's power and toughness are each equal to the number of nonland permanents you control.,rare,W,Creature — Rabbit Unicorn,,,,,,
Wilds of Eldraine,Restless Bivouac,0.0,,,,,"Restless Bivouac enters the battlefield tapped.
{T}: Add {R} or {W}.
{1}{R}{W}: Restless Bivouac becomes a 2/2 red and white Ox creature until end of turn. It's still a land.
Whenever Restless Bivouac attacks, put a +1/+1 counter on target creature you control.",rare,"R, W",Land,"R, W",,,,,
Wilds of Eldraine,Restless Cottage,0.0,,,,Food,"Restless Cottage enters the battlefield tapped.
{T}: Add {B} or {G}.
{2}{B}{G}: Restless Cottage becomes a 4/4 black and green Horror creature until end of turn. It's still a land.
Whenever Restless Cottage attacks, create a Food token and exile up to one target card from a graveyard.",rare,"B, G",Land,"B, G",,,,,
Wilds of Eldraine,Restless Fortress,0.0,,,,,"Restless Fortress enters the battlefield tapped.
{T}: Add {W} or {B}.
{2}{W}{B}: Restless Fortress becomes a 1/4 white and black Nightmare creature until end of turn. It's still a land.
Whenever Restless Fortress attacks, defending player loses 2 life and you gain 2 life.",rare,"B, W",Land,"B, W",,,,,
Wilds of Eldraine,Restless Spire,0.0,,,,Scry,"Restless Spire enters the battlefield tapped.
{T}: Add {U} or {R}.
{U}{R}: Until end of turn, Restless Spire becomes a 2/1 blue and red Elemental creature with ""As long as it's your turn, this creature has first strike."" It's still a land.
Whenever Restless Spire attacks, scry 1.",rare,"R, U",Land,"R, U",,,,,
Wilds of Eldraine,Restless Vinestalk,0.0,,,,,"Restless Vinestalk enters the battlefield tapped.
{T}: Add {G} or {U}.
{3}{G}{U}: Until end of turn, Restless Vinestalk becomes a 5/5 green and blue Plant creature with trample. It's still a land.
Whenever Restless Vinestalk attacks, up to one other target creature has base power and toughness 3/3 until end of turn.",rare,"G, U",Land,"G, U",,,,,
Wilds of Eldraine,Return from the Wilds,3.0,{2}{G},,,Food,"Choose two —
• Search your library for a basic land card, put it onto the battlefield tapped, then shuffle.
• Create a 1/1 white Human creature token.
• Create a Food token. (It's an artifact with ""{2}, {T}, Sacrifice this artifact: You gain 3 life."")",common,G,Sorcery,,,,,,
Wilds of Eldraine,Return Triumphant,2.0,{1}{W},,,Role token,"Return target creature card with mana value 3 or less from your graveyard to the battlefield. Create a Young Hero Role token attached to it. (Enchanted creature has ""Whenever this creature attacks, if its toughness is 3 or less, put a +1/+1 counter on it."" If you put another Role on the creature later, put this one into the graveyard.)",common,W,Sorcery,,,,,,
Wilds of Eldraine,Rimefur Reindeer,4.0,{3}{W},3,4,,"Whenever an enchantment enters the battlefield under your control, tap target creature an opponent controls.",common,W,Creature — Elk,,,,,,
Wilds of Eldraine,Rootrider Faun,2.0,{1}{G},1,3,,"{T}: Add {G}.
{1}, {T}: Add one mana of any color.",common,G,Creature — Satyr Scout,"B, G, R, U, W",,,,,
Wilds of Eldraine,Rotisserie Elemental,1.0,{R},1,1,Menace,"Menace
Whenever Rotisserie Elemental deals combat damage to a player, put a skewer counter on Rotisserie Elemental. Then you may sacrifice it. If you do, exile the top X cards of your library, where X is the number of skewer counters on Rotisserie Elemental. You may play those cards this turn.",rare,R,Creature — Elemental,,,,,,
Wilds of Eldraine,"Rowan, Scion of War",3.0,{1}{B}{R},4,2,Menace,"Menace
{T}: Spells you cast this turn that are black and/or red cost {X} less to cast, where X is the amount of life you lost this turn. Activate only as a sorcery.",mythic,"B, R",Legendary Creature — Human Wizard,,,,,,
Wilds of Eldraine,Rowan's Grim Search,3.0,{2}{B},,,Bargain,"Bargain (You may sacrifice an artifact, enchantment, or token as you cast this spell.)
If this spell was bargained, look at the top four cards of your library, then put up to two of them back on top of your library in any order and the rest into your graveyard.
You draw two cards and you lose 2 life.",common,B,Instant,,,,,,
Wilds of Eldraine,Rowdy Research,7.0,{6}{U},,,,"This spell costs {1} less to cast for each creature that attacked this turn.
Draw three cards.",uncommon,U,Instant,,,,,,
Wilds of Eldraine,Royal Treatment,1.0,{G},,,Role token,"Target creature you control gains hexproof until end of turn. Create a Royal Role token attached to that creature. (If you control another Role on it, put that one into the graveyard. Enchanted creature gets +1/+1 and has ward {1}.)",uncommon,G,Instant,,,,,,
Wilds of Eldraine,"Ruby, Daring Tracker",2.0,{R}{G},1,2,Haste,"Haste
Whenever Ruby, Daring Tracker attacks while you control a creature with power 4 or greater, Ruby gets +2/+2 until end of turn.
{T}: Add {R} or {G}.",uncommon,"G, R",Legendary Creature — Human Scout,"G, R",,,,,
Wilds of Eldraine,Savior of the Sleeping,3.0,{2}{W},2,3,Vigilance,"Vigilance
Whenever an enchantment you control is put into a graveyard from the battlefield, put a +1/+1 counter on Savior of the Sleeping.",common,W,Creature — Human Knight,,,,,,
Wilds of Eldraine,Scalding Viper,2.0,{1}{R},2,1,,"Whenever an opponent casts a spell with mana value 3 or less, Scalding Viper deals 1 damage to that player.",rare,"R, U",Creature — Elemental Snake,,,,,,
Wilds of Eldraine,Steam Clean,2.0,{1}{U},,,,Return target nonland permanent to its owner’s hand.,rare,"R, U",Sorcery — Adventure,,,,,,
Wilds of Eldraine,Scarecrow Guide,2.0,{2},2,1,Reach,"Reach
{1}: Add one mana of any color. Activate only once each turn.",common,,Artifact Creature — Scarecrow,"B, G, R, U, W",,,,,
Wilds of Eldraine,Scream Puff,5.0,{4}{B},4,5,"Food, Deathtouch","Deathtouch
Whenever Scream Puff deals combat damage to a player, create a Food token. (It's an artifact with ""{2}, {T}, Sacrifice this artifact: You gain 3 life."")",common,B,Creature — Horror,,,,,,
Wilds of Eldraine,Sentinel of Lost Lore,3.0,{1}{G}{G},3,4,,"When Sentinel of Lost Lore enters the battlefield, choose one or more —
• Return target card you own in exile that has an Adventure to your hand.
• Put target card you don't own in exile that has an Adventure on the bottom of its owner's library.
• Exile target player's graveyard.",rare,G,Creature — Elf Knight,,,,,,
Wilds of Eldraine,Sharae of Numbing Depths,4.0,{2}{W}{U},2,3,,"When Sharae of Numbing Depths enters the battlefield, tap target creature an opponent controls and put a stun counter on it. (If a permanent with a stun counter would become untapped, remove one from it instead.)
Whenever you tap one or more untapped creatures your opponents control, draw a card. This ability triggers only once each turn.",uncommon,"U, W",Legendary Creature — Merfolk Wizard,,,,,,
Wilds of Eldraine,Shatter the Oath,5.0,{3}{B}{B},,,Role token,"Destroy target creature or enchantment. Create a Wicked Role token attached to up to one target creature you control. (If you control another Role on it, put that one into the graveyard. Enchanted creature gets +1/+1. When this Aura is put into a graveyard, each opponent loses 1 life.)",common,B,Sorcery,,Removal,Destroy,,,
Wilds of Eldraine,Shrouded Shepherd,2.0,{1}{W},2,2,,"When Shrouded Shepherd enters the battlefield, target creature you control gets +2/+2 until end of turn.",uncommon,"B, W",Creature — Spirit Warrior,,,,,,
Wilds of Eldraine,Cleave Shadows,2.0,{1}{B},,,,Creatures your opponents control get -1/-1 until end of turn.,uncommon,"B, W",Sorcery — Adventure,,,,,,
Wilds of Eldraine,Skewer Slinger,2.0,{1}{R},1,3,Reach,"Reach
Whenever Skewer Slinger blocks or becomes blocked by a creature, Skewer Slinger deals 1 damage to that creature.",common,R,Creature — Dwarf Knight,,,,,,
Wilds of Eldraine,Skybeast Tracker,4.0,{3}{G},2,4,"Reach, Food","Reach
Whenever you cast a spell with mana value 5 or greater, create a Food token. (It's an artifact with ""{2}, {T}, Sacrifice this artifact: You gain 3 life."")",common,G,Creature — Giant Archer,,,,,,
Wilds of Eldraine,Sleep-Cursed Faerie,1.0,{U},3,3,"Flying, Ward","Flying, ward {2}
Sleep-Cursed Faerie enters the battlefield tapped with three stun counters on it. (If it would become untapped, remove a stun counter from it instead.)
{1}{U}: Untap Sleep-Cursed Faerie.",rare,U,Creature — Faerie Wizard,,,,,,
Wilds of Eldraine,Sleight of Hand,1.0,{U},,,,Look at the top two cards of your library. Put one of them into your hand and the other on the bottom of your library.,common,U,Sorcery,,,,,,
Wilds of Eldraine,Slumbering Keepguard,1.0,{W},1,1,Scry,"Whenever an enchantment enters the battlefield under your control, scry 1.
{2}{W}: Slumbering Keepguard gets +1/+1 until end of turn for each enchantment you control.",common,W,Creature — Human Knight,,,,,,
Wilds of Eldraine,Snaremaster Sprite,1.0,{U},1,1,Flying,"Flying
When Snaremaster Sprite enters the battlefield, you may pay {2}. When you do, tap target creature an opponent controls and put a stun counter on it. (If a permanent with a stun counter would become untapped, remove one from it instead.)",common,U,Creature — Faerie Wizard,,,,,,
Wilds of Eldraine,Solitary Sanctuary,3.0,{2}{W},,,,"When Solitary Sanctuary enters the battlefield, tap target creature an opponent controls and put a stun counter on it. (If a permanent with a stun counter would become untapped, remove one from it instead.)
Whenever you tap an untapped creature an opponent controls, put a +1/+1 counter on target creature you control.",uncommon,W,Enchantment,,,,,,
Wilds of Eldraine,Song of Totentanz,1.0,{X}{R},,,,"Create X 1/1 black Rat creature tokens with ""This creature can't block."" Creatures you control gain haste until end of turn.",rare,R,Sorcery,,,,,,
Wilds of Eldraine,Soul-Guide Lantern,1.0,{1},,,,"When Soul-Guide Lantern enters the battlefield, exile target card from a graveyard.
{T}, Sacrifice Soul-Guide Lantern: Exile each opponent's graveyard.
{1}, {T}, Sacrifice Soul-Guide Lantern: Draw a card.",uncommon,,Artifact,,,,,,
Wilds of Eldraine,Specter of Mortality,5.0,{3}{B}{B},3,3,Flying,"Flying
When Specter of Mortality enters the battlefield, you may exile one or more creature cards from your graveyard. When you do, each other creature gets -X/-X until end of turn, where X is the number of cards exiled this way.",rare,B,Creature — Specter,,,,,,
Wilds of Eldraine,Spellbook Vendor,2.0,{1}{W},2,2,"Role token, Vigilance, Scry","Vigilance
At the beginning of combat on your turn, you may pay {1}. When you do, create a Sorcerer Role token attached to target creature you control. (If you control another Role on it, put that one into the graveyard. Enchanted creature gets +1/+1 and has ""Whenever this creature attacks, scry 1."")",rare,W,Creature — Human Peasant,,,,,,
Wilds of Eldraine,Spellscorn Coven,4.0,{3}{B},2,3,Flying,"When Spellscorn Coven enters the battlefield, each opponent discards a card.",uncommon,"B, U",Creature — Faerie Warlock,,,,,,
Wilds of Eldraine,Take It Back,4.0,{2}{U},,,,Return target spell to its owner’s hand.,uncommon,"B, U",Instant — Adventure,,,,,,
Wilds of Eldraine,Spell Stutter,2.0,{1}{U},,,,Counter target spell unless its controller pays {2} plus an additional {1} for each Faerie you control.,common,U,Instant,,,,,,
Wilds of Eldraine,Spider Food,3.0,{2}{G},,,Food,"Destroy up to one target artifact, enchantment, or creature with flying. Create a Food token. (It's an artifact with ""{2}, {T}, Sacrifice this artifact: You gain 3 life."")",common,G,Sorcery,,,,,,
Wilds of Eldraine,Spiteful Hexmage,1.0,{B},3,2,Role token,"When Spiteful Hexmage enters the battlefield, create a Cursed Role token attached to target creature you control. (If you control another Role on it, put that one into the graveyard. Enchanted creature is 1/1.)",rare,B,Creature — Human Warlock,,,,,,
Wilds of Eldraine,Splashy Spellcaster,4.0,{3}{U},2,4,"Role token, Scry","Whenever you cast an instant or sorcery spell, create a Sorcerer Role token attached to up to one other target creature you control. (If you control another Role on it, put that one into the graveyard. Enchanted creature gets +1/+1 and has ""Whenever this creature attacks, scry 1."")",uncommon,U,Creature — Elemental Wizard,,,,,,
Wilds of Eldraine,Stingblade Assassin,4.0,{3}{B},3,1,"Flying, Flash","Flash
Flying
When Stingblade Assassin enters the battlefield, destroy target creature an opponent controls that was dealt damage this turn.",common,B,Creature — Faerie Assassin,,Removal,Destroy,,,
Wilds of Eldraine,Stockpiling Celebrant,3.0,{2}{W},3,2,Scry,"When Stockpiling Celebrant enters the battlefield, you may return another target nonland permanent you control to its owner's hand. If you do, scry 2.",common,W,Creature — Dwarf Knight,,,,,,
Wilds of Eldraine,Stonesplitter Bolt,1.0,{X}{R},,,Bargain,"Bargain (You may sacrifice an artifact, enchantment, or token as you cast this spell.)
Stonesplitter Bolt deals X damage to target creature or planeswalker. If this spell was bargained, it deals twice X damage to that permanent instead.",uncommon,R,Instant,,,,,,
Wilds of Eldraine,Stormkeld Prowler,2.0,{1}{U},2,1,,"Whenever you cast a spell with mana value 5 or greater, put two +1/+1 counters on Stormkeld Prowler.",common,U,Creature — Human Rogue,,,,,,
Wilds of Eldraine,Stormkeld Vanguard,6.0,{4}{G}{G},6,7,,Stormkeld Vanguard can’t be blocked by creatures with power 2 or less.,uncommon,G,Creature — Giant Warrior,,,,,,
Wilds of Eldraine,Bear Down,2.0,{1}{G},,,,Destroy target artifact or enchantment.,uncommon,G,Sorcery — Adventure,,,,,,
Wilds of Eldraine,Storyteller Pixie,4.0,{3}{U},3,3,Flying,"Flying
Whenever you cast an Adventure spell, draw a card.",uncommon,U,Creature — Faerie Wizard,,,,,,
Wilds of Eldraine,Stroke of Midnight,3.0,{2}{W},,,,Destroy target nonland permanent. Its controller creates a 1/1 white Human creature token.,uncommon,W,Instant,,,,,,
Wilds of Eldraine,Succumb to the Cold,3.0,{2}{U},,,,"Tap one or two target creatures an opponent controls. Put a stun counter on each of them. (If a permanent with a stun counter would become untapped, remove one from it instead.)",uncommon,U,Instant,,,,,,
Wilds of Eldraine,Sugar Rush,2.0,{1}{B},,,,"Target creature gets +3/+0 until end of turn.
Draw a card.",common,B,Instant,,,,,,
Wilds of Eldraine,Swamp,0.0,,,,,({T}: Add {B}.),common,B,Basic Land — Swamp,B,,,,,
Wilds of Eldraine,Sweettooth Witch,3.0,{2}{B},3,2,Food,"When Sweettooth Witch enters the battlefield, create a Food token. (It's an artifact with ""{2}, {T}, Sacrifice this artifact: You gain 3 life."")
{2}, Sacrifice a Food: Target player loses 2 life.",common,B,Creature — Human Warlock,,,,,,
Wilds of Eldraine,"Syr Armont, the Redeemer",5.0,{3}{G}{W},4,4,Role token,"When Syr Armont, the Redeemer enters the battlefield, create a Monster Role token attached to another target creature you control. (If you control another Role on it, put that one into the graveyard. Enchanted creature gets +1/+1 and has trample.)
Enchanted creatures you control get +1/+1.",uncommon,"G, W",Legendary Creature — Human Knight,,,,,,
Wilds of Eldraine,"Syr Ginger, the Meal Ender",2.0,{2},3,1,Scry,"Syr Ginger, the Meal Ender has trample, hexproof, and haste as long as an opponent controls a planeswalker.
Whenever another artifact you control is put into a graveyard from the battlefield, put a +1/+1 counter on Syr Ginger and scry 1.
{2}, {T}, Sacrifice Syr Ginger: You gain life equal to its power.",rare,,Legendary Artifact Creature — Food Knight,,,,,,
Wilds of Eldraine,Taken by Nightmares,4.0,{2}{B}{B},,,Scry,"Exile target creature. If you control an enchantment, scry 2.",uncommon,B,Instant,,Removal,Exile,,,
Wilds of Eldraine,Talion's Messenger,3.0,{2}{U},1,3,Flying,"Flying
Whenever you attack with one or more Faeries, draw a card, then discard a card. When you discard a card this way, put a +1/+1 counter on target Faerie you control.",rare,U,Creature — Faerie Noble,,,,,,
Wilds of Eldraine,"Talion, the Kindly Lord",4.0,{2}{U}{B},3,4,Flying,"Flying
As Talion, the Kindly Lord enters the battlefield, choose a number between 1 and 10.
Whenever an opponent casts a spell with mana value, power, or toughness equal to the chosen number, that player loses 2 life and you draw a card.",mythic,"B, U",Legendary Creature — Faerie Noble,,,,,,
Wilds of Eldraine,Tangled Colony,2.0,{1}{B},3,2,,"Tangled Colony can't block.
When Tangled Colony dies, create X 1/1 black Rat creature tokens with ""This creature can't block,"" where X is the amount of damage dealt to it this turn.",rare,B,Creature — Rat,,,,,,
Wilds of Eldraine,Tanglespan Lookout,3.0,{2}{G},2,3,,"Whenever an Aura enters the battlefield under your control, draw a card.",uncommon,G,Creature — Satyr,,,,,,
Wilds of Eldraine,Tattered Ratter,2.0,{1}{R},2,2,,"Whenever a Rat you control becomes blocked, it gets +2/+0 until end of turn.",uncommon,R,Creature — Human Peasant,,,,,,
Wilds of Eldraine,Tempest Hart,4.0,{3}{G},3,4,Trample,"Whenever you cast a spell with mana value 5 or greater, put a +1/+1 counter on Tempest Hart.",uncommon,"G, U",Creature — Elemental Elk,,,,,,
Wilds of Eldraine,Scan the Clouds,2.0,{1}{U},3,4,,"Draw two cards, then discard two cards.",uncommon,"G, U",Instant — Adventure,,,,,,
Wilds of Eldraine,Tenacious Tomeseeker,3.0,{2}{U},3,2,Bargain,"Bargain (You may sacrifice an artifact, enchantment, or token as you cast this spell.)
When Tenacious Tomeseeker enters the battlefield, if it was bargained, return target instant or sorcery card from your graveyard to your hand.",uncommon,U,Creature — Human Knight,,,,,,
Wilds of Eldraine,Territorial Witchstalker,2.0,{1}{G},2,3,Defender,"Defender
At the beginning of combat on your turn, if you control a creature with power 4 or greater, Territorial Witchstalker gets +1/+0 until end of turn and can attack this turn as though it didn't have defender.",common,G,Creature — Wolf,,,,,,
Wilds of Eldraine,The Apprentice's Folly,4.0,{2}{U}{R},,,,"(As this Saga enters and after your draw step, add a lore counter. Sacrifice after III.)
I, II — Choose target nontoken creature you control that doesn't have the same name as a token you control. Create a token that's a copy of it, except it isn't legendary, is a Reflection in addition to its other types, and has haste.
III — Sacrifice all Reflections you control.",rare,"R, U",Enchantment — Saga,,,,,,
Wilds of Eldraine,The End,4.0,{2}{B}{B},,,,"This spell costs {2} less to cast if your life total is 5 or less.
Exile target creature or planeswalker. Search its controller's graveyard, hand, and library for any number of cards with the same name as that permanent and exile them. That player shuffles, then draws a card for each card exiled from their hand this way.",rare,B,Instant,,Removal,Exile,,,
Wilds of Eldraine,The Goose Mother,2.0,{X}{G}{U},2,2,"Flying, Food","Flying
The Goose Mother enters the battlefield with X +1/+1 counters on it.
When The Goose Mother enters the battlefield, create half X Food tokens, rounded up.
Whenever The Goose Mother attacks, you may sacrifice a Food. If you do, draw a card.",rare,"G, U",Legendary Creature — Bird Hydra,,,,,,
Wilds of Eldraine,The Huntsman's Redemption,3.0,{2}{G},,,,"(As this Saga enters and after your draw step, add a lore counter. Sacrifice after III.)
I — Create a 3/3 green Beast creature token.
II — You may sacrifice a creature. If you do, search your library for a creature or basic land card, reveal it, put it into your hand, then shuffle.
III — Up to two target creatures each get +2/+2 and gain trample until end of turn.",rare,G,Enchantment — Saga,,,,,,
Wilds of Eldraine,The Irencrag,2.0,{2},,,,"{T}: Add {C}.
Whenever a legendary creature enters the battlefield under your control, you may have The Irencrag become a legendary Equipment artifact named Everflame, Heroes' Legacy. If you do, it gains equip {3} and ""Equipped creature gets +3/+3"" and loses all other abilities.",rare,,Legendary Artifact,C,,,,,
Wilds of Eldraine,The Princess Takes Flight,3.0,{2}{W},,,,"(As this Saga enters and after your draw step, add a lore counter. Sacrifice after III.)
I — Exile up to one target creature.
II — Target creature you control gets +2/+2 and gains flying until end of turn.
III — Return the exiled card to the battlefield under its owner's control.",uncommon,W,Enchantment — Saga,,,,,,
Wilds of Eldraine,The Witch's Vanity,2.0,{1}{B},,,"Role token, Food","(As this Saga enters and after your draw step, add a lore counter. Sacrifice after III.)
I — Destroy target creature an opponent controls with mana value 2 or less.
II — Create a Food token. (It's an artifact with ""{2}, {T}, Sacrifice this artifact: You gain 3 life."")
III — Create a Wicked Role token attached to target creature you control.",uncommon,B,Enchantment — Saga,,Removal,Destroy,,,
Wilds of Eldraine,Threadbind Clique,4.0,{3}{U},3,3,Flying,,uncommon,"U, W",Creature — Faerie,,,,,,
Wilds of Eldraine,Rip the Seams,3.0,{2}{W},,,,Destroy target tapped creature.,uncommon,"U, W",Instant — Adventure,,,,,,
Wilds of Eldraine,Three Blind Mice,3.0,{2}{W},,,,"(As this Saga enters and after your draw step, add a lore counter. Sacrifice after IV.)
I — Create a 1/1 white Mouse creature token.
II, III — Create a token that's a copy of target token you control.
IV — Creatures you control get +1/+1 and gain vigilance until end of turn.",rare,W,Enchantment — Saga,,,,,,
Wilds of Eldraine,Three Bowls of Porridge,2.0,{2},,,,"{2}, {T}: Choose one that hasn't been chosen —
• Three Bowls of Porridge deals 2 damage to target creature.
• Tap target creature.
• Sacrifice Three Bowls of Porridge. You gain 3 life.",uncommon,,Artifact — Food,,,,,,
Wilds of Eldraine,Thunderous Debut,8.0,{6}{G}{G},,,Bargain,"Bargain (You may sacrifice an artifact, enchantment, or token as you cast this spell.)
Look at the top twenty cards of your library. You may reveal up to two creature cards from among them. If this spell was bargained, put the revealed cards onto the battlefield. Otherwise, put the revealed cards into your hand. Then shuffle.",rare,G,Sorcery,,,,,,
Wilds of Eldraine,Titanic Growth,2.0,{1}{G},,,,Target creature gets +4/+4 until end of turn.,common,G,Instant,,,,,,
Wilds of Eldraine,Toadstool Admirer,1.0,{G},1,1,Ward,"Ward {2} (Whenever this creature becomes the target of a spell or ability an opponent controls, counter it unless that player pays {2}.)
{3}{G}: Put a +1/+1 counter on Toadstool Admirer.",common,G,Creature — Ouphe,,,,,,
Wilds of Eldraine,Torch the Tower,1.0,{R},,,"Bargain, Scry","Bargain (You may sacrifice an artifact, enchantment, or token as you cast this spell.)
Torch the Tower deals 2 damage to target creature or planeswalker. If this spell was bargained, instead it deals 3 damage to that permanent and you scry 1.
If a permanent dealt damage by Torch the Tower would die this turn, exile it instead.",common,R,Instant,,,,,,
Wilds of Eldraine,"Totentanz, Swarm Piper",3.0,{1}{B}{R},2,3,,"Whenever Totentanz, Swarm Piper or another nontoken creature you control dies, create a 1/1 black Rat creature token with ""This creature can't block.""
{1}{B}: Target attacking Rat you control gains deathtouch until end of turn.",uncommon,"B, R",Legendary Creature — Human Warlock Bard,,,,,,
Wilds of Eldraine,Tough Cookie,2.0,{1}{G},2,2,Food,"When Tough Cookie enters the battlefield, create a Food token. (It's an artifact with ""{2}, {T}, Sacrifice this artifact: You gain 3 life."")
{2}{G}: Target noncreature artifact you control becomes a 4/4 artifact creature until end of turn.
{2}, {T}, Sacrifice Tough Cookie: You gain 3 life.",uncommon,G,Artifact Creature — Food Golem,,,,,,
Wilds of Eldraine,Troublemaker Ouphe,2.0,{1}{G},2,2,Bargain,"Bargain (You may sacrifice an artifact, enchantment, or token as you cast this spell.)
When Troublemaker Ouphe enters the battlefield, if it was bargained, exile target artifact or enchantment an opponent controls.",common,G,Creature — Ouphe,,,,,,
Wilds of Eldraine,"Troyan, Gutsy Explorer",3.0,{1}{G}{U},1,3,,"{T}: Add {G}{U}. Spend this mana only to cast spells with mana value 5 or greater or spells with {X} in their mana costs.
{U}, {T}: Draw a card, then discard a card.",uncommon,"G, U",Legendary Creature — Vedalken Scout,"G, U",,,,,
Wilds of Eldraine,Tuinvale Guide,4.0,{3}{W},2,3,"Flying, Celebration","Flying
Celebration — Tuinvale Guide gets +1/+0 and has lifelink as long as two or more nonland permanents entered the battlefield under your control this turn.",common,W,Creature — Faerie Scout,,,,,,
Wilds of Eldraine,Twining Twins,4.0,{2}{U}{U} ,4,4,"Flying, Vigilance, Ward",,rare,"U, W",Creature — Faerie Wizard,,,,,,
Wilds of Eldraine,Swift Spiral,2.0,{1}{W},,,,Exile target nontoken creature. Return it to the battlefield under its owner’s control at the beginning of the next end step.,rare,"U, W",Instant — Adventure,,,,,,
Wilds of Eldraine,Twisted Fealty,3.0,{2}{R},,,Role token,"Gain control of target creature until end of turn. Untap that creature. It gains haste until end of turn.
Create a Wicked Role token attached to up to one target creature. (If you control another Role on it, put that one into the graveyard. Enchanted creature gets +1/+1. When this Aura is put into a graveyard, each opponent loses 1 life.)",uncommon,R,Sorcery,,,,,,
Wilds of Eldraine,Twisted Sewer-Witch,5.0,{3}{B}{B},3,4,Role token,"When Twisted Sewer-Witch enters the battlefield, create a 1/1 black Rat creature token with ""This creature can't block."" Then for each Rat you control, create a Wicked Role token attached to that Rat. (If you control another Role on it, put that one into the graveyard. Enchanted creature gets +1/+1. When this Aura is put into a graveyard, each opponent loses 1 life.)",uncommon,B,Creature — Human Warlock,,,,,,
Wilds of Eldraine,Two-Headed Hunter,5.0,{4}{R},5,4,Menace,,uncommon,R,Creature — Giant,,,,,,
Wilds of Eldraine,Twice the Rage,2.0,{1}{R},,,,Target creature gains double strike until end of turn.,uncommon,R,Instant — Adventure,,,,,,
Wilds of Eldraine,Unassuming Sage,2.0,{1}{W},2,2,"Role token, Scry","When Unassuming Sage enters the battlefield, you may pay {2}. If you do, create a Sorcerer Role token attached to it. (Enchanted creature gets +1/+1 and has ""Whenever this creature attacks, scry 1."")",common,W,Creature — Human Peasant Wizard,,,,,,
Wilds of Eldraine,Unruly Catapult,3.0,{2}{R},0,4,Defender,"Defender
{T}: Unruly Catapult deals 1 damage to each opponent.
Whenever you cast an instant or sorcery spell, untap Unruly Catapult.",common,R,Artifact Creature — Construct,,,,,,
Wilds of Eldraine,Up the Beanstalk,2.0,{1}{G},,,,"When Up the Beanstalk enters the battlefield and whenever you cast a spell with mana value 5 or greater, draw a card.",uncommon,G,Enchantment,,,,,,
Wilds of Eldraine,Vantress Transmuter,4.0,{3}{U},3,4,,,common,U,Creature — Human Wizard,,,,,,
Wilds of Eldraine,Croaking Curse,2.0,{1}{U},,,Role token,Tap target creature. Create a Cursed Role token attached to it.,common,U,Sorcery — Adventure,,,,,,
Wilds of Eldraine,Verdant Outrider,3.0,{2}{G},4,2,,{1}{G}: Verdant Outrider can't be blocked by creatures with power 2 or less this turn.,common,G,Creature — Human Knight,,,,,,
Wilds of Eldraine,Virtue of Courage,5.0,{3}{R}{R},,,,"Whenever a source you control deals noncombat damage to an opponent, you may exile that many cards from the top of your library. You may play those cards this turn.",mythic,R,Enchantment,,,,,,
Wilds of Eldraine,Embereth Blaze,2.0,{1}{R},,,,Embereth Blaze deals 2 damage to any target.,mythic,R,Instant — Adventure,,,,,,
Wilds of Eldraine,Virtue of Knowledge,5.0,{4}{U},,,,"If a permanent entering the battlefield causes a triggered ability of a permanent you control to trigger, that ability triggers an additional time.",mythic,U,Enchantment,,,,,,
Wilds of Eldraine,Vantress Visions,2.0,{1}{U},,,,Copy target activated or triggered ability you control. You may choose new targets for the copy.,mythic,U,Instant — Adventure,,,,,,
Wilds of Eldraine,Virtue of Loyalty,5.0,{3}{W}{W},,,,"At the beginning of your end step, put a +1/+1 counter on each creature you control. Untap those creatures.",mythic,W,Enchantment,,,,,,
Wilds of Eldraine,Ardenvale Fealty,5.0,{1}{W},,,,Create a 2/2 white Knight creature token with vigilance.,mythic,W,Instant — Adventure,,,,,,
Wilds of Eldraine,Virtue of Persistence,7.0,{5}{B}{B},,,,"At the beginning of your upkeep, put target creature card from a graveyard onto the battlefield under your control.",mythic,B,Enchantment ,,,,,,
Wilds of Eldraine,Locthwain Scorn,7.0,{1}{B},,,,Target creature gets -3/-3 until end of turn. You gain 2 life.,mythic,B,Sorcery — Adventure,,,,,,
Wilds of Eldraine,Virtue of Strength ,7.0,{5}{G}{G},,,,"If you tap a basic land for mana, it produces three times as much of that mana instead.",mythic,G,Enchantment ,,,,,,
Wilds of Eldraine,Garenbrig Growth,1.0,{G},,,,Return target creature or land card from your graveyard to your hand.,mythic,G,Sorcery — Adventure,,,,,,
Wilds of Eldraine,Voracious Vermin,3.0,{2}{B},2,1,,"When Voracious Vermin enters the battlefield, create a 1/1 black Rat creature token with ""This creature can't block.""
Whenever another creature you control dies, put a +1/+1 counter on Voracious Vermin.",common,B,Creature — Rat,,,,,,
Wilds of Eldraine,Warehouse Tabby,1.0,{B},1,1,,"Whenever an enchantment you control is put into a graveyard from the battlefield, create a 1/1 black Rat creature token with ""This creature can't block.""
{1}{B}: Warehouse Tabby gains deathtouch until end of turn.",common,B,Creature — Cat,,,,,,
Wilds of Eldraine,Water Wings,2.0,{1}{U},,,,"Until end of turn, target creature you control has base power and toughness 4/4 and gains flying and hexproof. (It can't be the target of spells or abilities your opponents control.)",common,U,Instant,,,,,,
Wilds of Eldraine,Welcome to Sweettooth,2.0,{1}{G},,,Food,"(As this Saga enters and after your draw step, add a lore counter. Sacrifice after III.)
I — Create a 1/1 white Human creature token.
II — Create a Food token.
III — Put X +1/+1 counters on target creature you control, where X is one plus the number of Foods you control.",uncommon,G,Enchantment — Saga,,,,,,
Wilds of Eldraine,Werefox Bodyguard,3.0,{1}{W}{W},2,2,Flash,"Flash
When Werefox Bodyguard enters the battlefield, exile up to one other target non-Fox creature until Werefox Bodyguard leaves the battlefield.
{1}{W}, Sacrifice Werefox Bodyguard: You gain 2 life.",rare,W,Creature — Elf Fox Knight,,,,,,
Wilds of Eldraine,Wicked Visitor,2.0,{1}{B},2,2,,"Whenever an enchantment you control is put into a graveyard from the battlefield, each opponent loses 1 life.",common,B,Creature — Nightmare,,,,,,
Wilds of Eldraine,Wildwood Mentor,3.0,{2}{G},1,1,,"Whenever a token enters the battlefield under your control, put a +1/+1 counter on Wildwood Mentor.
Whenever Wildwood Mentor attacks, another target attacking creature gets +X/+X until end of turn, where X is Wildwood Mentor's power.",rare,G,Creature — Treefolk,,,,,,
Wilds of Eldraine,"Will, Scion of Peace",3.0,{1}{W}{U},2,4,Vigilance,"Vigilance
{T}: Spells you cast this turn that are white and/or blue cost {X} less to cast, where X is the amount of life you gained this turn. Activate only as a sorcery.",mythic,"U, W",Legendary Creature — Human Wizard,,,,,,
Wilds of Eldraine,Witch's Mark,2.0,{1}{R},,,Role token,"You may discard a card. If you do, draw two cards.
Create a Wicked Role token attached to up to one target creature you control. (If you control another Role on it, put that one into the graveyard. Enchanted creature gets +1/+1. When this Aura is put into a graveyard, each opponent loses 1 life.)",common,R,Sorcery,,,,,,
Wilds of Eldraine,Witchstalker Frenzy,4.0,{3}{R},,,,"This spell costs {1} less to cast for each creature that attacked this turn.
Witchstalker Frenzy deals 5 damage to target creature.",uncommon,R,Instant,,,,,,
Wilds of Eldraine,Woodland Acolyte,3.0,{2}{W},2,2,,"When Woodland Acolyte enters the battlefield, draw a card.",uncommon,"G, W",Creature — Human Cleric,,,,,,
Wilds of Eldraine,Mend the Wilds,1.0,{G},,,,Put target permanent card from your graveyard on top of your library.,uncommon,"G, W",Instant — Adventure,,,,,,
Wilds of Eldraine,"Yenna, Redtooth Regent",4.0,{2}{G}{W},4,4,Scry,"{2}, {T}: Choose target enchantment you control that doesn't have the same name as another permanent you control. Create a token that's a copy of it, except it isn't legendary. If the token is an Aura, untap Yenna, Redtooth Regent, then scry 2. Activate only as a sorcery.",rare,"G, W",Legendary Creature — Elf Noble,,,,,,
